Abrocoma_cinerea, 5.5214609
Acinonyx_jubatus,10.9810464
Acomys_cahirinus, 3.8122027
Acomys_russatus, 3.9969155
Acomys_wilsoni, 2.9957323
Addax_nasomaculatus,12.1138203
Aepyceros_melampus,10.6329667
Aethomys_chrysophilus, 4.3637354
Aethomys_hindei, 4.6728288
Aethomys_kaiseri, 5.2882670
Aethomys_namaquensis, 3.8619921
Agouti_paca, 9.1049799
Ailuropoda_melanoleuca,11.6226763
Ailurus_fulgens, 8.3721674
Akodon_azarae, 3.3079850
Akodon_boliviensis, 3.2561716
Akodon_cursor, 3.6813512
Akodon_dolores, 3.9120230
Akodon_longipilis, 3.6256734
Akodon_molinae, 3.4965076
Akodon_olivaceus, 3.3332754
Akodon_urichi, 3.9120230
Akodon_varius, 3.6189933
Alcelaphus_buselaphus,11.9183906
Alces_alces,12.7685415
Allactaga_elater, 4.0719285
Allactaga_euphratica, 3.5807373
Allactaga_sibirica, 4.7664383
Allactaga_tetradactyla, 3.9512437
Allenopithecus_nigroviridis, 8.1021837
Alopex_lagopus, 8.4118327
Alouatta_caraya, 8.5854124
Alouatta_palliata, 8.6410272
Alouatta_pigra, 9.3587604
Alouatta_seniculus, 8.6225059
Alticola_argentatus, 3.6296601
Alticola_roylei, 3.5553481
Alticola_strelzowi, 3.9120230
Amblonyx_cinereus, 8.0063676
Amblysomus_hottentotus, 4.1713056
Ammodorcas_clarkei,10.2576594
Ammospermophilus_harrisii, 4.8362819
Ammospermophilus_interpres, 4.7022969
Ammospermophilus_leucurus, 4.5798524
Ammospermophilus_nelsoni, 5.0401941
Ammotragus_lervia,10.9241383
Anomalurus_beecrofti, 5.9635793
Anomalurus_derbianus, 6.6463905
Anomalurus_pelii, 7.4085306
Antidorcas_marsupialis,10.3089527
Antilocapra_americana,10.7227166
Antilope_cervicapra,10.5320962
Aonyx_capensis, 9.3758548
Aonyx_congicus,10.0858091
Aotus_azarai, 7.1147694
Aotus_lemurinus, 6.7730804
Aotus_trivirgatus, 6.7257057
Aplodontia_rufa, 6.5323343
Apodemus_agrarius, 3.0680529
Apodemus_flavicollis, 3.3792925
Apodemus_mystacinus, 3.8199077
Apodemus_peninsulae, 3.4934727
Apodemus_sylvaticus, 3.1518810
Arborimus_albipes, 3.1354942
Arborimus_longicaudus, 3.1354942
Arborimus_pomo, 3.5835189
Arctictis_binturong, 9.4132812
Arctocebus_calabarensis, 5.7498387
Arctocephalus_australis,10.7144178
Arctocephalus_forsteri,10.9150885
Arctocephalus_galapagoensis,10.2035921
Arctocephalus_gazella,10.6090573
Arctocephalus_pusillus,11.2601815
Arctocephalus_tropicalis,10.8197783
Arctogalidia_trivirgata, 7.7186855
Arctonyx_collaris, 9.2591305
Arvicanthis_niloticus, 4.1666652
Arvicola_sapidus, 5.2337788
Arvicola_terrestris, 4.7874917
Atelerix_albiventris, 5.8111410
Atelerix_algirus, 6.6133842
Atelerix_frontalis, 5.7333413
Ateles_belzebuth, 8.5941542
Ateles_fusciceps, 8.9569695
Ateles_geoffroyi, 8.7428616
Ateles_paniscus, 8.9565830
Atelocynus_microtis, 9.1590471
Atherurus_africanus, 8.0646365
Atherurus_macrourus, 7.6009025
Atilax_paludinosus, 8.1016777
Auliscomys_micropus, 4.2849649
Avahi_laniger, 6.9979890
Axis_axis,10.9150885
Axis_porcinus,10.4193007
Babyrousa_babyrussa,11.5129255
Baiomys_taylori, 2.0579625
Balaena_mysticetus,18.1975372
Balaenoptera_acutorostrata,16.6066757
Balaenoptera_borealis,16.5101377
Balaenoptera_edeni,16.8112428
Balaenoptera_musculus,18.8194569
Balaenoptera_physalus,18.0172136
Bandicota_bengalensis, 5.1160158
Bandicota_indica, 6.3007858
Bassaricyon_gabbii, 7.1248808
Bassariscus_astutus, 6.8829502
Bassariscus_sumichrasti, 6.8023948
Bathyergus_janetta, 5.8051350
Bathyergus_suillus, 6.4536250
Bdeogale_crassicauda, 7.3588309
Beamys_hindei, 4.6217323
Berardius_bairdii,15.9196447
Bison_bison,13.1176858
Bison_bonasus,13.1223634
Blarina_brevicauda, 3.0740812
Blarina_carolinensis, 2.2246236
Blarina_hylophaga, 2.6741486
Blastocerus_dichotomus,11.5376181
Bolomys_lasiurus, 3.6871279
Bos_frontalis,13.5923670
Bos_grunniens,12.7158978
Bos_javanicus,13.4100455
Boselaphus_tragocamelus,12.0376540
Brachylagus_idahoensis, 6.0434164
Brachyteles_arachnoides, 9.3185219
Bradypus_torquatus, 8.2687318
Bradypus_tridactylus, 8.2348303
Bradypus_variegatus, 8.4887937
Bubalus_bubalis,13.7642173
Bubalus_mindorensis,12.3602233
Budorcas_taxicolor,12.6181823
Bunolagus_monticularis, 7.1308988
Cabassous_centralis, 7.9193562
Cacajao_calvus, 8.3167891
Callicebus_cupreus, 7.0210840
Callicebus_moloch, 6.7452363
Callicebus_torquatus, 6.9565454
Callimico_goeldii, 6.3249502
Callithrix_argentata, 5.8784358
Callithrix_flaviceps, 6.0063532
Callithrix_jacchus, 5.7333413
Callithrix_penicillata, 5.7268477
Callithrix_pygmaea, 4.7607199
Callorhinus_ursinus,10.8016143
Callosciurus_caniceps, 3.4011974
Callosciurus_nigrovittatus, 5.3082677
Callosciurus_notatus, 5.2470241
Callosciurus_prevostii, 5.9914645
Calomys_callosus, 3.7135721
Calomys_hummelincki, 3.2958369
Calomys_laucha, 3.5263605
Calomys_lepidus, 3.2809112
Calomys_musculinus, 2.8678989
Calomyscus_bailwardi, 3.0155349
Calomyscus_mystax, 3.0155349
Camelus_dromedarius,12.9807998
Canis_adustus, 9.0179685
Canis_aureus, 9.3056506
Canis_latrans, 9.3758548
Canis_lupus,10.4595255
Canis_mesomelas, 9.1850226
Canis_rufus,10.1658518
Canis_simensis, 9.4473868
Cannomys_badius, 6.4769724
Caperea_marginata,14.9786614
Capra_caucasica,10.9150885
Capra_cylindricornis,10.8197783
Capra_falconeri,10.6213273
Capra_hircus,11.0020998
Capra_ibex,11.1774527
Capreolus_capreolus, 9.9835304
Capreolus_pygargus,10.5827893
Caprolagus_hispidus, 7.8240460
Capromys_pilorides, 8.4517647
Caracal_caracal, 9.5468126
Castor_canadensis, 9.8836251
Castor_fiber, 9.8521943
Catagonus_wagneri,10.4716382
Catopuma_temminckii, 9.3501023
Cavia_aperea, 5.8318825
Cavia_porcellus, 6.5903010
Cavia_tschudii, 6.4575543
Cebus_albifrons, 7.8395532
Cebus_apella, 7.8353815
Cebus_capucinus, 7.8642547
Cebus_olivaceus, 7.7873820
Cephalophus_dorsalis, 9.3587604
Cephalophus_leucogaster, 9.4493573
Cephalophus_maxwellii, 9.1049799
Cephalophus_monticola, 8.7403367
Cephalophus_natalensis, 9.2103404
Cephalophus_niger, 9.8036672
Cephalophus_nigrifrons, 9.5396441
Cephalophus_ogilbyi, 9.9034876
Cephalophus_rufilatus, 9.4334839
Cephalophus_silvicultor,11.0429218
Cephalorhynchus_commersonii,11.1899616
Ceratotherium_simum,14.6190058
Cercocebus_galeritus, 8.5989114
Cercocebus_torquatus, 8.8588903
Cercopithecus_ascanius, 8.1293519
Cercopithecus_campbelli, 8.0551577
Cercopithecus_cephus, 7.9607598
Cercopithecus_diana, 8.3467607
Cercopithecus_lhoesti, 8.4553178
Cercopithecus_mitis, 8.6457113
Cercopithecus_mona, 8.2514892
Cercopithecus_neglectus, 8.4489508
Cercopithecus_nictitans, 8.3488526
Cercopithecus_pogonias, 7.9975522
Cercopithecus_solatus, 8.2738469
Cercopithecus_wolfi, 7.9620673
Cerdocyon_thous, 8.7795575
Cervus_albirostris,11.7360690
Cervus_duvaucelii,11.8705999
Cervus_elaphus,11.6980209
Cervus_eldii,11.1982147
Cervus_nippon,11.4772983
Cervus_timorensis,10.8780472
Cervus_unicolor,12.0494188
Chaerephon_johorensis, 5.8386921
Chaetodipus_californicus, 3.2386785
Chaetodipus_fallax, 2.9285235
Chaetodipus_formosus, 2.9678471
Chaetodipus_hispidus, 3.5624655
Chaetodipus_intermedius, 2.8033604
Chaetodipus_nelsoni, 2.6672282
Chaetodipus_penicillatus, 2.7232672
Chaetophractus_nationi, 7.6732231
Chaetophractus_villosus, 7.6108528
Cheirogaleus_major, 5.9768584
Cheirogaleus_medius, 5.1393216
Chelemys_macronyx, 6.3630281
Chinchilla_brevicaudata, 6.2146081
Chinchilla_lanigera, 6.4653668
Chionomys_nivalis, 3.9889840
Chiropodomys_gliroides, 3.2386785
Chiropotes_albinasus, 7.9724660
Chiropotes_satanas, 7.9193562
Chiruromys_vates, 3.7704594
Chlorocebus_aethiops, 8.2248710
Choloepus_didactylus, 8.7111139
Choloepus_hoffmanni, 8.4658999
Chrotogale_owstoni, 8.0864103
Chrysochloris_asiatica, 3.7376696
Chrysochloris_stuhlmanni, 3.6838669
Chrysocyon_brachyurus,10.0432495
Chrysospalax_villosus, 4.6443909
Civettictis_civetta, 9.5227153
Clethrionomys_californicus, 3.1612467
Clethrionomys_gapperi, 3.0238337
Clethrionomys_glareolus, 3.0335096
Clethrionomys_rufocanus, 3.3843903
Clethrionomys_rutilus, 3.2188758
Coendou_prehensilis, 8.2687318
Colobus_angolensis, 9.1049799
Colobus_guereza, 9.1824726
Colobus_polykomos, 9.0487622
Colobus_satanas, 9.1590471
Colomys_goslingi, 4.0690268
Condylura_cristata, 4.0133153
Conepatus_leuconotus, 8.1605182
Conepatus_mesoleucus, 7.5992361
Conepatus_semistriatus, 7.0900768
Conilurus_penicillatus, 4.9698133
Connochaetes_gnou,11.7924493
Connochaetes_taurinus,12.0106658
Cremnomys_blanfordi, 2.6461748
Cremnomys_cutchicus, 4.0910057
Cricetomys_gambianus, 6.9963155
Cricetulus_migratorius, 3.4275147
Cricetus_cricetus, 6.2278599
Crocidura_canariensis, 2.0149030
Crocidura_crossei, 1.9740810
Crocidura_flavescens, 3.0910425
Crocidura_fuliginosa, 2.4849066
Crocidura_fuscomurina, 1.6094379
Crocidura_hirta, 2.6152037
Crocidura_leucodon, 2.2935443
Crocidura_mariquensis, 2.2721259
Crocidura_planiceps, 0.9162907
Crocidura_russula, 2.4535880
Crocidura_suaveolens, 2.0412203
Crocidura_turba, 2.7080502
Crocidura_viaria, 2.8390785
Crocuta_crocuta,11.0508900
Crossarchus_obscurus, 6.5889265
Cryptomys_damarensis, 4.9698133
Cryptomys_hottentotus, 4.8865826
Cryptomys_ochraceocinereus, 5.2983174
Cryptoprocta_ferox, 9.1590471
Cryptotis_parva, 1.8245493
Ctenodactylus_gundi, 5.6657344
Ctenodactylus_vali, 5.1633564
Ctenomys_haigi, 5.0998664
Ctenomys_opimus, 5.9914645
Ctenomys_peruanus, 6.1944054
Ctenomys_talarum, 4.6051702
Ctenomys_torquatus, 5.6167711
Cuon_alpinus, 9.4540706
Cyclopes_didactylus, 8.5310961
Cynictis_penicillata, 6.3944265
Cynocephalus_variegatus, 6.9077553
Cynogale_bennettii, 8.2940496
Cynomys_gunnisoni, 6.7052351
Cynomys_leucurus, 6.7725081
Cynomys_ludovicianus, 6.7604147
Cynomys_mexicanus, 6.7191339
Cynomys_parvidens, 6.2461068
Cystophora_cristata,12.2643416
Dama_dama,10.9059560
Damaliscus_hunteri,11.9766595
Damaliscus_lunatus,11.7597855
Damaliscus_pygargus,11.3445068
Dasymys_incomtus, 4.6651358
Dasyprocta_cristata, 7.8823149
Dasyprocta_leporina, 8.0910150
Dasyprocta_punctata, 7.8917047
Dasypus_hybridus, 7.3132204
Dasypus_kappleri, 9.2252290
Dasypus_novemcinctus, 8.3663703
Dasypus_sabanicola, 7.0475172
Dasypus_septemcinctus, 7.2964133
Daubentonia_madagascariensis, 7.8672319
Delphinapterus_leucas,13.4075423
Delphinus_delphis,11.2432798
Dendrohyrax_arboreus, 7.9895604
Dendrohyrax_dorsalis, 8.0445204
Dendromus_melanotis, 1.9960599
Dendromus_mesomelas, 2.3608540
Dendromus_mystacalis, 1.9740810
Dephomys_defua, 3.8066625
Desmana_moschata, 5.9480350
Desmodilliscus_braueri, 2.3025851
Desmodillus_auricularis, 3.9982007
Dicerorhinus_sumatrensis,14.0518993
Diceros_bicornis,13.7405355
Dicrostonyx_groenlandicus, 4.0082419
Dicrostonyx_hudsonius, 4.0430513
Dicrostonyx_richardsoni, 4.0073332
Dicrostonyx_torquatus, 4.4426513
Dinaromys_bogdanovi, 4.0253517
Dinomys_branickii, 9.4334839
Diplomesodon_pulchellum, 2.3025851
Dipodomys_agilis, 4.1037997
Dipodomys_californicus, 4.4421806
Dipodomys_deserti, 4.7184989
Dipodomys_elephantinus, 4.4426513
Dipodomys_heermanni, 4.1743873
Dipodomys_ingens, 4.8828019
Dipodomys_merriami, 3.6888795
Dipodomys_microps, 4.0102381
Dipodomys_nitratoides, 3.5695327
Dipodomys_ordii, 3.9982007
Dipodomys_panamintinus, 4.2822063
Dipodomys_spectabilis, 4.7841528
Dipodomys_stephensi, 4.1666652
Dipodomys_venustus, 4.4067192
Dipus_sagitta, 4.4659081
Dolichotis_patagonum, 9.4334839
Dolichotis_salinicola, 7.3777589
Dremomys_lokriah, 5.1503972
Dryomys_nitedula, 3.2188758
Dugong_dugon,13.0804992
Echimys_chrysurus, 6.4614682
Echinops_telfairi, 5.1929569
Echinosorex_gymnura, 6.8632808
Eira_barbara, 8.4118327
Elaphodus_cephalophus,10.4193007
Elaphurus_davidianus,11.9117016
Elephantulus_brachyrhynchus, 3.7916616
Elephantulus_intufi, 3.9502817
Elephantulus_myurus, 3.9500892
Elephantulus_rozeti, 3.8712010
Elephantulus_rufescens, 4.0604430
Elephantulus_rupestris, 4.0943446
Elephas_maximus,14.9717626
Eligmodontia_typus, 3.0633909
Eliomys_quercinus, 4.7449321
Ellobius_fuscocapillus, 4.3820266
Ellobius_talpinus, 3.6375862
Enhydra_lutris, 9.9896652
Eolagurus_luteus, 3.2580965
Epixerus_ebii, 5.9610053
Equus_asinus,12.4292162
Equus_burchellii,12.4568314
Equus_grevyi,12.8583978
Equus_hemionus,12.3458346
Equus_kiang,12.5245264
Equus_zebra,12.5981147
Eremodipus_lichtensteini, 3.9318256
Erethizon_dorsatum, 9.1049799
Erignathus_barbatus,12.5660754
Erinaceus_concolor, 6.5778614
Erinaceus_europaeus, 6.6476884
Erythrocebus_patas, 8.6798901
Eschrichtius_robustus,17.0383784
Eubalaena_australis,16.9510048
Eubalaena_glacialis,16.9510048
Eulemur_coronatus, 7.2365193
Eulemur_fulvus, 7.7941186
Eulemur_macaco, 7.6833254
Eulemur_mongoz, 7.4183009
Eulemur_rubriventer, 4.7874917
Eumetopias_jubatus,12.5739484
Euoticus_elegantulus, 5.6347896
Euphractus_sexcinctus, 8.4338116
Eupleres_goudotii, 8.0063676
Exilisciurus_exilis, 2.6810215
Felis_chaus, 9.2103404
Felis_margarita, 7.7621706
Felis_nigripes, 7.6615271
Felis_silvestris, 8.3308636
Feresa_attenuata,11.7981044
Fossa_fossana, 7.3395377
Funambulus_pennantii, 6.5546454
Funisciurus_anerythrus, 5.3844951
Funisciurus_congicus, 4.6634391
Funisciurus_lemniscatus, 4.9487599
Funisciurus_pyrropus, 5.6045881
Galago_alleni, 5.6671185
Galago_moholi, 5.1929569
Galago_senegalensis, 5.1438833
Galagoides_demidoff, 6.5610307
Galagoides_zanzibaricus, 4.9698133
Galea_musteloides, 5.8226020
Galea_spixii, 5.7868974
Galemys_pyrenaicus, 4.1157798
Galerella_pulverulenta, 6.5264949
Galerella_sanguinea, 6.1047932
Galictis_vittata, 7.7621706
Galidia_elegans, 6.6846117
Gazella_cuvieri, 9.7699562
Gazella_dama,11.1982147
Gazella_dorcas, 9.7400859
Gazella_gazella, 9.9403015
Gazella_granti,10.7713516
Gazella_leptoceros,10.0690020
Gazella_rufifrons,10.2035921
Gazella_soemmerringii,10.5966347
Gazella_spekei, 9.9034876
Gazella_subgutturosa,10.1464337
Gazella_thomsonii, 9.6989204
Genetta_genetta, 7.5319114
Genetta_maculata, 7.7075122
Genetta_tigrina, 7.5065918
Geocapromys_brownii, 7.3132204
Geocapromys_ingrahami, 6.4922398
Geogale_aurita, 1.9021075
Geomys_arenarius, 5.3471075
Geomys_bursarius, 5.1742836
Geomys_personatus, 5.9839363
Geomys_pinetis, 4.9593420
Georychus_capensis, 5.1984970
Gerbillurus_paeba, 3.3499041
Gerbillurus_setzeri, 3.6532523
Gerbillurus_tytonis, 3.1780538
Gerbillus_allenbyi,15.2018049
Gerbillus_andersoni, 3.0910425
Gerbillus_cheesmani, 3.7693067
Gerbillus_dasyurus, 3.1945831
Gerbillus_gerbillus, 3.2188758
Gerbillus_gleadowi, 3.2619353
Gerbillus_henleyi, 2.4595888
Gerbillus_nanus, 2.9177707
Gerbillus_pyramidum, 3.6109179
Giraffa_camelopardalis,13.5923670
Glaucomys_sabrinus, 4.8840890
Glaucomys_volans, 4.1802164
Glirulus_japonicus, 3.2958369
Globicephala_macrorhynchus,13.4953053
Globicephala_melas,13.8737795
Golunda_ellioti, 4.1743873
Gorilla_gorilla,11.5266914
Grammomys_dolichurus, 3.7773481
Grammomys_rutilans, 3.9702919
Grampus_griseus,12.9598444
Graomys_griseoflavus, 4.1896547
Graphiurus_murinus, 3.1780538
Graphiurus_ocularis, 4.2312037
Gulo_gulo, 9.7009631
Halichoerus_grypus,12.1335020
Hapalemur_aureus, 7.2370590
Hapalemur_griseus, 7.0923326
Helarctos_malayanus,10.7363967
Heliophobius_argenteocinereus, 5.0751738
Heliosciurus_rufobrachium, 5.7884299
Helogale_parvula, 5.6160436
Hemicentetes_semispinosus, 5.0079651
Hemiechinus_aethiopicus, 5.8805330
Hemiechinus_auritus, 5.8348107
Hemiechinus_hypomelas, 5.6767538
Hemiechinus_micropus, 5.1416636
Hemigalus_derbyanus, 7.7727527
Hemitragus_jemlahicus,10.4688014
Herpailurus_yaguarondi, 8.8172978
Herpestes_edwardsii, 6.9157234
Herpestes_ichneumon, 7.9793389
Herpestes_javanicus, 6.6846117
Heterocephalus_glaber, 3.5553481
Heterohyrax_brucei, 7.8065621
Heteromys_anomalus, 4.2484952
Heteromys_desmarestianus, 4.3438054
Heteromys_goldmani, 4.4426513
Heteromys_oresterus, 4.3944492
Hexaprotodon_liberiensis,12.2783933
Hippocamelus_antisensis,11.1360478
Hippocamelus_bisulcus,11.1562505
Hippopotamus_amphibius,14.0452986
Hippotragus_equinus,12.3966930
Hippotragus_niger,12.2085695
Hodomys_alleni, 5.9080829
Holochilus_brasiliensis, 5.0434251
Hoplomys_gymnurus, 6.2225763
Hyaena_hyaena,10.5966347
Hybomys_univittatus, 3.9473901
Hydrochaeris_hydrochaeris,10.9150885
Hydromys_chrysogaster, 6.4068800
Hydropotes_inermis, 9.5468126
Hydrurga_leptonyx,12.8958809
Hyemoschus_aquaticus, 9.4132812
Hylobates_agilis, 8.6423569
Hylobates_concolor, 8.7624379
Hylobates_hoolock, 8.7795575
Hylobates_klossii, 8.6827076
Hylobates_lar, 8.5272544
Hylobates_moloch, 8.7075491
Hylobates_syndactylus, 9.1647853
Hylochoerus_meinertzhageni,12.2184952
Hylomys_suillus, 4.1588831
Hylomyscus_alleni, 2.9957323
Hylomyscus_stella, 2.8154087
Hylopetes_alboniger, 5.4806389
Hylopetes_fimbriatus, 6.2344107
Hyomys_goliath, 6.7821921
Hyperacrius_wynnei, 3.9627161
Hyperoodon_ampullatus,15.4769082
Hypogeomys_antimena, 7.1308988
Hystrix_africaeaustralis, 9.6601413
Hystrix_brachyura, 8.9871968
Hystrix_cristata, 9.8164760
Hystrix_indica, 9.5921956
Hystrix_pumila, 7.9157132
Ichneumia_albicauda, 8.0551577
Ictonyx_libyca, 6.2146081
Ictonyx_striatus, 6.6398758
Idiurus_zenkeri, 2.7568404
Indri_indri, 8.9768939
Inia_geoffrensis,11.4772983
Jaculus_jaculus, 4.0073332
Jaculus_orientalis, 4.8978398
Kannabateomys_amblyonyx, 6.1312265
Kerodon_rupestris, 6.8564620
Kobus_ellipsiprymnus,12.0744442
Kobus_kob,10.9784900
Kobus_leche,11.3112172
Kobus_megaceros, 9.7699562
Kobus_vardonii,11.0658568
Kogia_breviceps,12.8021581
Kogia_simus,12.1560067
Lagenodelphis_hosei,12.0076217
Lagenorhynchus_acutus,12.1117620
Lagenorhynchus_albirostris,12.1007121
Lagenorhynchus_obliquidens,11.5424843
Lagenorhynchus_obscurus,11.6082356
Lagidium_peruanum, 7.1467722
Lagidium_viscacia, 6.3969297
Lagostomus_maximus, 8.0864103
Lagothrix_lagotricha, 8.7121430
Lagurus_lagurus, 3.0106209
Lama_glama,11.8670973
Lama_guanicoe,11.6082356
Lama_pacos,11.0020998
Leggadina_forresti, 2.9957323
Leggadina_lakedownensis, 2.8622009
Lemmiscus_curtatus, 3.3021134
Lemmus_lemmus, 3.9448773
Lemmus_sibiricus, 4.0809215
Lemniscomys_griselda, 4.0775374
Lemniscomys_striatus, 3.7447871
Lemur_catta, 7.8106243
Leontopithecus_rosalia, 6.3243590
Leopardus_pardalis, 9.0825070
Leopardus_tigrinus, 7.7186855
Leopardus_wiedii, 8.2070392
Lepilemur_leucopus, 6.5510803
Lepilemur_mustelinus, 6.5694814
Lepilemur_ruficaudatus, 6.6580110
Leporillus_conditor, 5.8066399
Leptailurus_serval, 9.4992717
Leptonychotes_weddellii,12.9519704
Lepus_alleni, 8.2320865
Lepus_americanus, 7.3060279
Lepus_arcticus, 8.2337687
Lepus_californicus, 7.7480285
Lepus_callotis, 7.5065918
Lepus_capensis, 7.7655691
Lepus_europaeus, 8.2088539
Lepus_nigricollis, 7.6494545
Lepus_othus, 8.4132384
Lepus_saxatilis, 7.8958084
Lepus_timidus, 8.0164598
Lepus_tolai, 7.6544432
Lepus_townsendii, 8.0181314
Limnogale_mergulus, 4.3757570
Liomys_adspersus, 4.1743873
Liomys_irroratus, 3.7495041
Liomys_pictus, 3.9120230
Liomys_salvini, 3.7135721
Lipotes_vexillifer,11.3326019
Litocranius_walleri,10.6294245
Lobodon_carcinophagus,12.3814255
Lontra_canadensis, 8.7363287
Lontra_longicaudis, 8.9226583
Lophiomys_imhausi, 6.6267177
Lophocebus_albigena, 8.8137062
Lophuromys_flavopunctatus, 4.0073332
Lophuromys_sikapusi, 3.7954892
Loris_tardigradus, 5.4680601
Loxodonta_africana,15.0702715
Lutra_lutra, 8.8172978
Lutra_maculicollis, 8.2940496
Lutrogale_perspicillata, 9.1049799
Lycaon_pictus,10.2085181
Lynx_canadensis, 9.0938066
Lynx_lynx, 9.7996076
Lynx_pardinus, 9.1484650
Lynx_rufus, 9.0595175
Macaca_arctoides, 8.8966798
Macaca_cyclopis, 8.7509474
Macaca_fascicularis, 8.1479510
Macaca_fuscata, 9.0890198
Macaca_maura, 8.6260476
Macaca_mulatta, 8.5966326
Macaca_nemestrina, 8.7214556
Macaca_nigra, 8.7341851
Macaca_radiata, 8.2255031
Macaca_silenus, 8.4918754
Macaca_sinica, 8.1590887
Macaca_sylvanus, 9.1852892
Macaca_thibetana, 9.2140007
Macroscelides_proboscideus, 3.6888795
Madoqua_guentheri, 8.4228825
Madoqua_kirkii, 8.4922179
Madoqua_saltiana, 8.0864103
Makalata_armata, 5.6204009
Malacothrix_typica, 2.5120353
Mandrillus_leucophaeus, 9.1146551
Mandrillus_sphinx, 9.3856935
Manis_crassicaudata, 8.2687318
Manis_gigantea,10.4042628
Manis_javanica, 8.5467520
Manis_pentadactyla, 7.7621706
Manis_temminckii, 8.8859943
Manis_tetradactyla, 7.9193562
Manis_tricuspis, 7.2997974
Marmota_broweri, 8.0646365
Marmota_caligata, 8.7551591
Marmota_caudata, 8.3187423
Marmota_flaviventris, 7.9827577
Marmota_marmota, 7.6058900
Marmota_monax, 8.1353469
Marmota_olympus, 8.7483049
Marmota_sibirica, 8.9871968
Marmota_vancouverensis, 8.4658999
Martes_americana, 6.4079850
Martes_flavigula, 7.8240460
Martes_foina, 7.4383835
Martes_martes, 7.1701195
Martes_pennanti, 7.8632667
Martes_zibellina, 6.9722969
Massoutiera_mzabi, 5.2678582
Mastomys_erythroleucus, 3.6315151
Mastomys_natalensis, 3.8059956
Mazama_americana,10.0432495
Mazama_gouazoupira, 9.7201655
Mazama_rufina, 9.0118894
Megadontomys_thomasi, 4.7095302
Megaptera_novaeangliae,17.2167079
Meles_meles, 9.4727046
Mellivora_capensis, 9.2103404
Melogale_personata, 7.6009025
Melomys_burtoni, 4.1271344
Melomys_capensis, 4.1743873
Melomys_cervinipes, 4.5432948
Melomys_leucogaster, 4.5643482
Melomys_levipes, 4.4018293
Melomys_moncktoni, 4.4975850
Melomys_rubex, 3.8264651
Melomys_rufescens, 4.0500443
Melursus_ursinus,11.5129255
Mephitis_macroura, 6.8721281
Mephitis_mephitis, 7.5072784
Meriones_crassus, 3.8774316
Meriones_hurrianae, 4.2484952
Meriones_libycus, 4.3438054
Meriones_meridianus, 3.9702919
Meriones_persicus, 4.6051702
Meriones_shawi, 5.2203558
Meriones_tristrami, 4.6539604
Meriones_unguiculatus, 3.9740584
Meriones_vinogradovi, 5.0106353
Mesembriomys_gouldii, 6.8023948
Mesembriomys_macrurus, 5.5928509
Mesocricetus_auratus, 4.6539604
Mesocricetus_brandti, 5.2857386
Mesoplodon_bidens,15.0392860
Mesoplodon_carlhubbsi,14.2209757
Mesoplodon_densirostris,13.8643007
Microcavia_australis, 5.8579332
Microcebus_coquereli, 5.7257723
Microcebus_murinus, 4.2626799
Microcebus_rufus, 4.2341065
Microdipodops_megacephalus, 2.5989791
Microdipodops_pallidus, 2.6063865
Microgale_dobsoni, 3.6323091
Microgale_talazaci, 3.8732822
Micromys_minutus, 1.7917595
Micropotamogale_lamottei, 4.2427646
Microtus_abbreviatus, 3.9120230
Microtus_agrestis, 3.8286414
Microtus_arvalis, 3.3141860
Microtus_breweri, 3.9889840
Microtus_californicus, 3.9796817
Microtus_canicaudus, 3.5638830
Microtus_chrotorrhinus, 3.6635616
Microtus_fortis, 4.1431347
Microtus_gregalis, 3.8607297
Microtus_guentheri, 3.9435217
Microtus_longicaudus, 3.6027768
Microtus_mexicanus, 3.5553481
Microtus_miurus, 3.6763007
Microtus_montanus, 3.9019727
Microtus_montebelli, 3.6851224
Microtus_ochrogaster, 3.6888795
Microtus_oeconomus, 4.5361416
Microtus_oregoni, 3.0204249
Microtus_pennsylvanicus, 3.7766614
Microtus_pinetorum, 3.2386785
Microtus_richardsoni, 4.6653241
Microtus_socialis, 3.8712010
Microtus_subterraneus, 2.9704145
Microtus_townsendii, 4.0036902
Microtus_xanthognathus, 4.9522997
Millardia_meltada, 4.2484952
Miopithecus_talapoin, 6.9969834
Mirounga_angustirostris,13.4823661
Mirounga_leonina,13.2697484
Monachus_monachus,12.5245264
Monachus_schauinslandi,12.0610469
Monodon_monoceros,13.7101500
Moschiola_meminna, 7.8038433
Moschus_berezovskii, 9.2965181
Moschus_chrysogaster, 9.3056506
Moschus_moschiferus, 9.4334839
Mungos_mungo, 7.1940614
Mungotictis_decemlineata, 6.5510803
Muntiacus_muntjak, 9.5468126
Muntiacus_reevesi, 9.3926619
Mus_booduga, 2.2213750
Mus_caroli, 2.4203681
Mus_cervicolor, 2.8735646
Mus_minutoides, 1.9810015
Mus_musculoides, 1.7917595
Mus_musculus, 3.0204249
Mus_platythrix, 3.3393220
Mus_spretus, 2.5494452
Mus_triton, 2.5217206
Muscardinus_avellanarius, 3.3079850
Mustela_altaica, 5.1416636
Mustela_erminea, 4.7034759
Mustela_eversmannii, 7.2078599
Mustela_frenata, 5.0146273
Mustela_lutreola, 6.0867747
Mustela_nigripes, 6.6957989
Mustela_nivalis, 3.9070105
Mustela_putorius, 6.3778658
Mustela_sibirica, 6.0038871
Mustela_vison, 6.8021169
Myocastor_coypus, 8.8748676
Myomys_daltoni, 3.5115454
Myomys_derooi, 3.4657359
Myomys_fumatus, 3.4011974
Myoprocta_acouchy, 6.6528630
Myopus_schisticolor, 3.2188758
Myosciurus_pumilio, 2.8033604
Myosorex_cafer, 2.5649494
Myosorex_varius, 2.3978953
Myoxus_glis, 4.8283137
Myrmecophaga_tridactyla,10.2576594
Mystromys_albicaudatus, 4.6634391
Naemorhedus_crispus,10.3089527
Naemorhedus_goral,10.2279837
Naemorhedus_sumatraensis,11.3793941
Nandinia_binotata, 7.5496092
Nannospalax_leucodon, 5.1817836
Napaeozapus_insignis, 3.0601145
Nasalis_larvatus, 9.1551025
Nasua_narica, 8.2295111
Nasua_nasua, 8.4658999
Neacomys_tenuipes, 2.9444390
Nectomys_parvipes, 5.5510197
Nectomys_squamipes, 5.6698809
Neofelis_nebulosa, 9.8781697
Neofiber_alleni, 5.5947114
Neomys_anomalus, 2.7725887
Neomys_fodiens, 2.6616572
Neophoca_cinerea,11.2851880
Neophocaena_phocaenoides,10.3889954
Neotoma_albigula, 5.2882670
Neotoma_cinerea, 5.8156220
Neotoma_devia, 4.5716134
Neotoma_floridana, 5.9148534
Neotoma_fuscipes, 5.4535246
Neotoma_lepida, 4.8309503
Neotoma_mexicana, 5.3132060
Neotoma_micropus, 5.4652291
Neotoma_phenax, 5.4271502
Neotoma_stephensi, 4.9558271
Neotomodon_alstoni, 3.9120230
Neotragus_batesi, 7.8240460
Neotragus_moschatus, 8.8771964
Nesokia_indica, 4.9663350
Neurotrichus_gibbsii, 2.3025851
Niviventer_niviventer, 4.1956971
Notiosorex_crawfordi, 1.4231083
Notomys_alexis, 3.5553481
Notomys_aquilo, 3.6635616
Notomys_cervinus, 3.5553481
Notomys_fuscus, 3.5553481
Notomys_mitchellii, 3.9512437
Nyctereutes_procyonoides, 8.3504300
Nycticebus_coucang, 6.8733709
Nycticebus_pygmaeus, 5.7268477
Nyctomys_sumichrasti, 3.9764990
Ochotona_collaris, 4.8598124
Ochotona_dauurica, 4.8520303
Ochotona_macrotis, 5.1179938
Ochotona_princeps, 4.9430700
Ochotona_roylei, 4.7449321
Ochotona_rufescens, 5.5214609
Ochrotomys_nuttalli, 3.0910425
Octodon_degus, 5.4595855
Octodontomys_gliroides, 5.0625950
Odobenus_rosmarus,13.3847276
Odocoileus_hemionus,10.9289317
Odocoileus_virginianus,10.9937316
Oecomys_concolor, 4.1054493
Oenomys_hypoxanthus, 4.4485164
Okapia_johnstoni,12.5689781
Oligoryzomys_flavescens, 3.0445224
Oligoryzomys_longicaudatus, 3.3232358
Oligoryzomys_nigripes, 3.1201599
Ommatophoca_rossii,12.1424226
Oncifelis_colocolo, 7.9895604
Oncifelis_geoffroyi, 8.2940496
Ondatra_zibethicus, 7.0350925
Onychomys_leucogaster, 3.6888795
Onychomys_torridus, 2.9444390
Orcaella_brevirostris,12.1547794
Orcinus_orca,15.2741256
Oreamnos_americanus,11.3187337
Oreotragus_oreotragus, 9.4727046
Orthogeomys_cherriei, 5.4161004
Orthogeomys_hispidus, 6.4769724
Orycteropus_afer,11.0020998
Oryctolagus_cuniculus, 7.3513187
Oryx_dammah,12.0867259
Oryx_gazella,12.1807548
Oryx_leucoryx,11.7064342
Oryzomys_capito, 4.1455128
Oryzomys_palustris, 3.8643023
Oryzomys_subflavus, 2.0149030
Otaria_byronia,11.8493977
Otocolobus_manul, 8.1605182
Otocyon_megalotis, 8.3308636
Otolemur_crassicaudatus, 7.0417003
Otolemur_garnettii, 6.5948648
Otomys_angoniensis, 5.0169487
Otomys_irroratus, 4.9894117
Otomys_sloggetti, 4.7957905
Ototylomys_phyllotis, 4.6151205
Ourebia_ourebi, 9.7699562
Ovibos_moschatus,12.4607149
Ovis_ammon,12.1007121
Ovis_aries,10.8197783
Ovis_canadensis,11.1297110
Ovis_dalli,10.9624346
Ovis_nivicola,10.8297286
Ovis_vignei,11.0020998
Oxymycterus_rufus, 4.4485164
Ozotoceros_bezoarticus,10.4631033
Pachyuromys_duprasi, 3.4812401
Paguma_larvata, 8.3663703
Pan_paniscus,10.3961491
Pan_troglodytes,10.5352427
Panthera_leo,11.8458199
Panthera_onca,11.3040546
Panthera_pardus,10.6531332
Panthera_tigris,11.6927439
Pantholops_hodgsonii,10.2219413
Papio_hamadryas, 9.5488512
Pappogeomys_castanops, 5.5834963
Paracynictis_selousi, 7.4955419
Paradoxurus_hermaphroditus, 8.0391574
Paradoxurus_zeylonensis, 7.7748558
Parahyaena_brunnea,11.0054276
Parascalops_breweri, 3.9156165
Paraxerus_cepapi, 5.3752784
Paraxerus_palliatus, 5.6869754
Paraxerus_poensis, 4.8978398
Pardofelis_marmorata, 8.1605182
Parotomys_brantsii, 4.7874917
Pecari_tajacu, 9.8626656
Pedetes_capensis, 8.1605182
Pelea_capreolus,10.1266311
Pelomys_fallax, 4.7706846
Pelomys_minor, 3.9120230
Peponocephala_electra,12.2356314
Perodicticus_potto, 6.9879518
Perognathus_fasciatus, 2.4466854
Perognathus_flavescens, 2.1972246
Perognathus_flavus, 2.0579625
Perognathus_inornatus, 2.1575593
Perognathus_longimembris, 2.1972246
Perognathus_merriami, 2.0794415
Perognathus_parvus, 3.0007198
Peromyscus_attwateri, 3.4011974
Peromyscus_boylii, 3.3568971
Peromyscus_californicus, 3.7376696
Peromyscus_crinitus, 2.7930039
Peromyscus_difficilis, 3.3322045
Peromyscus_eremicus, 3.2188758
Peromyscus_gossypinus, 3.3672958
Peromyscus_gratus, 3.2921263
Peromyscus_hooperi, 3.5835189
Peromyscus_leucopus, 3.1354942
Peromyscus_maniculatus, 3.0204249
Peromyscus_megalops, 4.2626799
Peromyscus_melanocarpus, 4.0775374
Peromyscus_melanophrys, 3.6888795
Peromyscus_melanotis, 3.6788291
Peromyscus_mexicanus, 4.1026434
Peromyscus_nasutus, 3.3322045
Peromyscus_pectoralis, 3.4499875
Peromyscus_perfulvus, 3.6888795
Peromyscus_polionotus, 2.6390573
Peromyscus_sitkensis, 3.3428618
Peromyscus_truei, 3.2958369
Peromyscus_yucatanicus, 3.2695689
Petaurista_elegans, 7.1493908
Petaurista_magnificus, 7.4843686
Petaurista_petaurista, 7.1929342
Petinomys_fuscocapillus, 6.5680779
Petinomys_genibarbis, 4.7004804
Petinomys_setosus, 3.7436044
Petinomys_vordermanni, 3.6109179
Petrodromus_tetradactylus, 5.3936275
Petromus_typicus, 5.2983174
Petromyscus_collinus, 3.0445224
Phacochoerus_aethiopicus,11.1704352
Phaner_furcifer, 5.9914645
Phenacomys_intermedius, 3.4965076
Phenacomys_ungava, 3.2958369
Phoca_caspica,11.3621026
Phoca_fasciata,11.3205536
Phoca_groenlandica,11.7659126
Phoca_hispida,11.3637292
Phoca_largha,11.2897819
Phoca_sibirica,11.3104012
Phoca_vitulina,11.5253480
Phocoena_phocoena,10.8815003
Phocoena_sinus,10.7144178
Phocoenoides_dalli,11.5294548
Phodopus_campbelli, 3.1527360
Phodopus_sungorus, 3.1527360
Phyllotis_darwini, 3.9284867
Physeter_catodon,16.5498781
Pithecheir_parvus, 4.6443909
Pithecia_monachus, 7.5635484
Pithecia_pithecia, 7.2278077
Plagiodontia_aedium, 7.1444072
Platanista_gangetica, 9.9522777
Podomys_floridanus, 3.4420194
Poecilogale_albinucha, 5.5510197
Poelagus_marjorita, 7.8240460
Pogonomelomys_sevia, 4.1092332
Pogonomys_loriae, 4.5538769
Pogonomys_macrourus, 3.8088822
Pogonomys_sylvestris, 3.6661225
Pongo_pygmaeus,10.5217926
Pontoporia_blainvillei,10.6049335
Potamochoerus_porcus,11.1704352
Potamogale_velox, 6.6355528
Potos_flavus, 8.0063676
Praomys_delectorum, 3.2958369
Praomys_jacksoni, 3.6888795
Praomys_morio, 3.0445224
Praomys_tullbergi, 3.6101068
Presbytis_comata, 8.7323046
Presbytis_melalophos, 8.7948249
Presbytis_potenziani, 8.7640533
Presbytis_rubicunda, 8.7483049
Priodontes_maximus,10.8197783
Prionailurus_bengalensis, 8.3308636
Prionailurus_rubiginosus, 7.2078599
Prionailurus_viverrinus, 9.2919204
Prionodon_linsang, 6.5482191
Prionodon_pardicolor, 8.4118327
Procapra_gutturosa,10.0858091
Procavia_capensis, 8.1886891
Procolobus_badius, 8.7264001
Procolobus_verus, 8.1886891
Procyon_cancrivorus, 8.7435316
Procyon_lotor, 8.3893598
Proechimys_cayennensis, 5.8763342
Proechimys_guairae, 5.8579332
Proechimys_semispinosus, 6.2146081
Profelis_aurata, 9.2733152
Pronolagus_crassicaudatus, 7.5730173
Pronolagus_randensis, 7.8119734
Pronolagus_rupestris, 7.4383835
Propithecus_diadema, 8.7419355
Propithecus_tattersalli, 8.1732934
Propithecus_verreauxi, 8.2044340
Proteles_cristatus, 9.2103404
Psammomys_obesus, 5.1780124
Pseudalopex_culpaeus, 9.4727046
Pseudalopex_griseus, 8.2915465
Pseudalopex_gymnocercus, 8.4531879
Pseudois_nayaur,10.7507855
Pseudomys_albocinereus, 3.2580965
Pseudomys_apodemoides, 2.9957323
Pseudomys_australis, 4.1743873
Pseudomys_delicatulus, 2.3978953
Pseudomys_desertor, 3.2188758
Pseudomys_fieldi, 3.8066625
Pseudomys_fumeus, 4.2484952
Pseudomys_fuscus, 4.9972123
Pseudomys_gracilicaudatus, 4.1431347
Pseudomys_hermannsburgensis, 2.4849066
Pseudomys_higginsi, 4.0960098
Pseudomys_nanus, 3.5263605
Pseudomys_novaehollandiae, 2.8903718
Pseudomys_oralis, 4.5538769
Pseudomys_pilligaensis, 2.3978953
Pseudomys_praeconis, 3.8066625
Pseudomys_shortridgei, 4.1588831
Pseudorca_crassidens,14.1229953
Pteromys_volans, 4.8675345
Pteronura_brasiliensis,10.0858091
Ptilocercus_lowii, 3.7495041
Pudu_mephistophiles, 9.1850226
Pudu_puda, 9.0179685
Puma_concolor,10.7789563
Pygathrix_bieti, 9.2063324
Pygathrix_nemaeus, 9.0252149
Pygeretmus_pumilio, 3.9575698
Rangifer_tarandus,11.6369114
Raphicerus_campestris, 9.3355032
Rattus_argentiventer, 5.3082677
Rattus_colletti, 4.1108739
Rattus_exulans, 4.2484952
Rattus_fuscipes, 4.8903491
Rattus_leucopus, 4.8202816
Rattus_lutreolus, 4.7449321
Rattus_norvegicus, 5.6347896
Rattus_praetor, 4.9369888
Rattus_rattus, 5.5073620
Rattus_sordidus, 4.8283137
Rattus_steini, 5.0434251
Rattus_tiomanicus, 4.8481164
Rattus_tunneyi, 4.7318028
Rattus_villosissimus, 5.2983174
Ratufa_bicolor, 7.6732231
Ratufa_indica, 6.9660242
Ratufa_macroura, 7.1546154
Redunca_arundinum,10.7965097
Redunca_fulvorufula,10.3089527
Redunca_redunca,10.5966347
Reithrodon_auritus, 4.2790244
Reithrodontomys_fulvescens, 2.5257286
Reithrodontomys_humulis, 2.3321439
Reithrodontomys_megalotis, 2.4006188
Reithrodontomys_montanus, 2.1972246
Reithrodontomys_raviventris, 2.4024304
Rhabdomys_pumilio, 3.9318256
Rhinoceros_sondaicus,14.3751263
Rhinoceros_unicornis,14.2869715
Rhinosciurus_laticaudatus, 5.3981627
Rhipidomys_latimanus, 4.0517849
Rhipidomys_mastacalis, 4.3174881
Rhizomys_pruinosus, 7.8038433
Rhizomys_sumatrensis, 8.0063676
Rhombomys_opimus, 4.9628446
Rhynchocyon_chrysopygus, 6.2915691
Romerolagus_diazi, 6.2035472
Rupicapra_rupicapra,10.1696906
Saccostomus_campestris, 3.8582002
Saguinus_bicolor, 6.1420374
Saguinus_fuscicollis, 5.9135030
Saguinus_geoffroyi, 6.2132672
Saguinus_imperator, 6.0998704
Saguinus_labiatus, 6.2172646
Saguinus_leucopus, 6.1944054
Saguinus_midas, 6.1457938
Saguinus_mystax, 6.2655483
Saguinus_nigricollis, 6.0185932
Saguinus_oedipus, 5.9939614
Saiga_tatarica,10.5518988
Saimiri_sciureus, 6.4098459
Scalopus_aquaticus, 4.3121405
Scapanus_latimanus, 3.9512437
Scapanus_orarius, 4.3425059
Scapanus_townsendii, 4.7774414
Sciurillus_pusillus, 3.6635616
Sciurus_alleni, 6.1333980
Sciurus_arizonensis, 6.6339761
Sciurus_aureogaster, 6.3885614
Sciurus_carolinensis, 6.2921801
Sciurus_granatensis, 5.9242558
Sciurus_griseus, 6.6222974
Sciurus_niger, 6.6892261
Sciurus_vulgaris, 5.7830557
Sciurus_yucatanensis, 5.4161004
Scotinomys_teguina, 2.4849066
Scotinomys_xerampelinus, 2.7080502
Sekeetamys_calurus, 3.6506582
Semnopithecus_entellus, 9.3284194
Setifer_setosus, 5.5585640
Sicista_betulina, 2.0794415
Sigmoceros_lichtensteinii,11.9381932
Sigmodon_alstoni, 4.0199801
Sigmodon_fulviventer, 5.3518581
Sigmodon_hispidus, 5.2203558
Sigmodon_leucotis, 4.9089716
Sigmodon_ochrognathus, 4.7332995
Solenodon_cubanus, 6.9077553
Solenodon_paradoxus, 6.8023948
Sorex_araneus, 2.1949999
Sorex_arcticus, 2.1041342
Sorex_bairdii, 2.1210632
Sorex_bendirii, 2.7650605
Sorex_cinereus, 1.4492692
Sorex_coronatus, 2.2617631
Sorex_dispar, 1.5892352
Sorex_fumeus, 2.1041342
Sorex_haydeni, 1.0986123
Sorex_hoyi, 1.4747630
Sorex_longirostris, 1.3029128
Sorex_merriami, 1.3862944
Sorex_minutus, 1.9810015
Sorex_monticolus, 1.7917595
Sorex_nanus, 0.9162907
Sorex_ornatus, 1.7173951
Sorex_pacificus, 1.9035990
Sorex_palustris, 2.5233258
Sorex_trowbridgii, 1.4906544
Sorex_vagrans, 1.7191888
Sotalia_fluviatilis,10.7507855
Spalacopus_cyanus, 4.5854776
Speothos_venaticus, 8.6995147
Spermophilus_armatus, 5.7300998
Spermophilus_beecheyi, 6.4123600
Spermophilus_beldingi, 5.6294181
Spermophilus_brunneus, 5.3230100
Spermophilus_citellus, 5.3798974
Spermophilus_columbianus, 6.1448935
Spermophilus_dauricus, 5.2983174
Spermophilus_elegans, 5.9940861
Spermophilus_franklinii, 6.1290502
Spermophilus_fulvus, 6.3902407
Spermophilus_lateralis, 5.0600602
Spermophilus_mexicanus, 4.8748156
Spermophilus_mohavensis, 5.2470241
Spermophilus_mollis, 5.1083668
Spermophilus_parryii, 6.6214057
Spermophilus_pygmaeus, 4.9126549
Spermophilus_relictus, 6.3969297
Spermophilus_richardsonii, 5.8362717
Spermophilus_saturatus, 5.6167711
Spermophilus_spilosoma, 4.7833164
Spermophilus_tereticaudus, 5.0957727
Spermophilus_townsendii, 5.0434251
Spermophilus_tridecemlineatus, 5.1513823
Spermophilus_undulatus, 6.7334019
Spermophilus_variegatus, 6.4968202
Spermophilus_washingtoni, 5.3132060
Sphiggurus_mexicanus, 7.6009025
Sphiggurus_villosus, 7.4673711
Spilogale_putorius, 6.2373476
Spilogale_pygmaea, 5.5606816
Steatomys_krebsii, 3.1780538
Steatomys_pratensis, 3.2398542
Stenella_attenuata,11.1375045
Stenella_coeruleoalba,11.7195330
Stenella_longirostris,11.1610011
Steno_bredanensis,11.7158663
Stochomys_longicaudatus, 4.3107991
Stylodipus_telum, 4.0073332
Suncus_etruscus, 0.7419373
Suncus_murinus, 3.8258113
Sundamys_muelleri, 5.8111410
Sundasciurus_lowii, 4.2046926
Sundasciurus_tenuis, 4.3174881
Suricata_suricatta, 6.6541525
Sus_barbatus,11.5400541
Sus_salvanius, 9.0057732
Sus_scrofa,11.5218852
Sylvicapra_grimmia, 9.8521943
Sylvilagus_aquaticus, 7.6594874
Sylvilagus_audubonii, 6.8127630
Sylvilagus_bachmani, 6.5619779
Sylvilagus_brasiliensis, 6.8564620
Sylvilagus_floridanus, 7.1459845
Sylvilagus_nuttallii, 6.6332658
Sylvilagus_palustris, 7.1172055
Sylvilagus_transitionalis, 6.8052795
Synaptomys_borealis, 3.0587071
Synaptomys_cooperi, 3.6122684
Syncerus_caffer,13.1316534
Tachyoryctes_splendens, 5.3351313
Talpa_altaica, 4.4426513
Talpa_europaea, 4.8926022
Tamandua_tetradactyla, 8.5231753
Tamias_amoenus, 3.8763958
Tamias_canipes, 4.2484952
Tamias_cinereicollis, 4.1287460
Tamias_dorsalis, 4.1399551
Tamias_minimus, 3.7875929
Tamias_ochrogenys, 4.5443580
Tamias_palmeri, 4.0893320
Tamias_panamintinus, 3.9917580
Tamias_quadrimaculatus, 4.4824374
Tamias_quadrivittatus, 4.0626819
Tamias_ruficaudus, 4.0481261
Tamias_senex, 4.5518749
Tamias_sibiricus, 4.4426513
Tamias_siskiyou, 4.3174881
Tamias_sonomae, 4.3174881
Tamias_speciosus, 4.0943446
Tamias_striatus, 4.5612183
Tamias_townsendii, 4.4308168
Tamiasciurus_douglasii, 5.4372094
Tamiasciurus_hudsonicus, 5.2704322
Tapirus_bairdii,12.6115378
Tapirus_indicus,12.5989590
Tapirus_pinchaque,11.9113660
Tapirus_terrestris,12.2060726
Tarsius_bancanus, 4.6170988
Tarsius_dianae, 4.6728288
Tarsius_spectrum, 5.1907322
Tarsius_syrichta, 4.7184989
Tateomys_rhinogradoides, 4.4308168
Tatera_afra, 4.3148179
Tatera_brantsii, 4.3174881
Tatera_inclusa, 4.8751973
Tatera_indica, 4.9881852
Tatera_leucogaster, 4.1722311
Tatera_nigricauda, 4.7361984
Tatera_robusta, 4.5325995
Tatera_valida, 4.7273878
Taterillus_gracilis, 3.9483549
Taterillus_pygargus, 3.8732822
Taurotragus_derbianus,13.4298481
Taurotragus_oryx,12.9773376
Taxidea_taxus, 8.7078136
Tayassu_pecari,10.4267357
Tenrec_ecaudatus, 6.7844571
Tetracerus_quadricornis, 9.8521943
Thallomys_paedulcus, 4.3493743
Thamnomys_venustus, 4.1743873
Theropithecus_gelada, 9.4126549
Thomomys_bottae, 4.6395716
Thomomys_bulbivorus, 5.8858262
Thomomys_monticola, 4.3820266
Thomomys_talpoides, 4.5152455
Thomomys_townsendii, 5.4510385
Thomomys_umbrinus, 4.6051702
Thrichomys_apereoides, 5.9229180
Thryonomys_gregorianus, 7.5390271
Thryonomys_swinderianus, 8.2127040
Tolypeutes_matacus, 7.1106961
Trachypithecus_cristatus, 8.7905735
Trachypithecus_francoisi, 8.8990484
Trachypithecus_geei, 8.9996193
Trachypithecus_johnii, 9.3926619
Trachypithecus_obscurus, 8.7681075
Trachypithecus_phayrei, 9.0359870
Trachypithecus_vetulus, 8.8652763
Tragelaphus_angasii,11.5195700
Tragelaphus_buxtoni,12.2922503
Tragelaphus_eurycerus,12.1348451
Tragelaphus_imberbis,11.0744205
Tragelaphus_scriptus,10.4981947
Tragelaphus_spekii,11.3793941
Tragelaphus_strepsiceros,12.1547794
Tragulus_javanicus, 8.2558284
Tragulus_napu, 8.6827076
Tremarctos_ornatus,11.0186291
Trichechus_inunguis,13.0815414
Trichechus_manatus,12.8674711
Trichechus_senegalensis,13.1223634
Tupaia_glis, 5.0689042
Tupaia_minor, 6.5510803
Tupaia_montana, 5.6454469
Tupaia_tana, 6.6808547
Tursiops_truncatus,12.0629718
Tylomys_nudicaudus, 5.6347896
Uncia_uncia,10.7282111
Uranomys_ruddi, 3.8501476
Urocyon_cinereoargenteus, 8.3475904
Urocyon_littoralis, 7.5446865
Urogale_everetti, 5.8579332
Urotrichus_talpoides, 2.9704145
Ursus_americanus,11.6133136
Ursus_arctos,12.2234213
Ursus_maritimus,12.5650283
Ursus_thibetanus,11.2472223
Vandeleuria_nolthenii, 4.0360090
Varecia_variegata, 8.1407324
Vicugna_vicugna,10.8197783
Viverra_zibetha, 9.2103404
Viverricula_indica, 8.0063676
Vormela_peregusna, 6.2961881
Vulpes_bengalensis, 7.4955419
Vulpes_cana, 6.9077553
Vulpes_chama, 8.2940496
Vulpes_corsac, 7.9010071
Vulpes_ferrilata, 8.8536654
Vulpes_pallida, 7.8438486
Vulpes_velox, 7.9253997
Vulpes_vulpes, 8.6416208
Vulpes_zerda, 7.0900768
Wiedomys_pyrrhorhinos, 3.8501476
Xerus_erythropus, 6.2186001
Xerus_inauris, 6.3767269
Zaedyus_pichiy, 7.3132204
Zalophus_californianus,11.3464773
Zapus_hudsonius, 2.9041651
Zapus_princeps, 3.3586378
Zapus_trinotatus, 3.1780538
Zelotomys_woosnami, 3.9982007
Ziphius_cavirostris,14.8981628
Zygodontomys_brevicauda, 4.0604430
Zyzomys_argurus, 3.9120230
Zyzomys_maini, 4.5432948
Zyzomys_woodwardi, 4.8675345
